movie_id,director_id
1,1
27,1
289,1
292,1
607,1
2487,1
3576,1
2,2
14,2
15,2
182,2
206,2
1220,2
2279,2
3,3
31,3
458,3
575,3
1115,3
2145,3
2607,3
3494,3
4,4
67,4
97,4
98,4
121,4
1067,4
1234,4
3717,4
5,5
6,6
59,6
339,6
7,7
32,7
39,7
162,7
994,7
1561,7
1647,7
2510,7
3057,7
3462,7
4004,7
4779,7
4814,7
8,8
9,9
18,9
795,9
1335,9
10,10
64,10
115,10
138,10
11,11
16,11
166,11
313,11
565,11
710,11
1760,11
4402,11
12,12
48,12
50,12
66,12
211,12
371,12
527,12
3593,12
13,13
47,13
1652,13
1727,13
1899,13
2260,13
3893,13
4762,13
17,14
65,14
583,14
928,14
2002,14
19,15
418,15
498,15
946,15
1586,15
20,16
72,16
153,16
353,16
1132,16
1585,16
1597,16
21,17
24,17
26,17
100,17
271,17
338,17
340,17
341,17
2050,17
3776,17
4585,17
4695,17
22,18
40,18
3469,18
23,19
160,19
228,19
276,19
279,19
284,19
291,19
331,19
642,19
975,19
1359,19
1499,19
1641,19
1778,19
2012,19
3278,19
3892,19
25,20
927,20
1617,20
1811,20
3203,20
28,21
87,21
898,21
3001,21
29,22
117,22
416,22
571,22
1195,22
3165,22
30,23
4678,23
33,24
2722,24
34,25
119,25
135,25
288,25
442,25
489,25
603,25
1334,25
1401,25
1643,25
2178,25
2450,25
2624,25
3164,25
3909,25
4129,25
35,26
60,26
315,26
356,26
408,26
513,26
591,26
733,26
831,26
1911,26
36,27
37,28
38,28
54,28
112,28
113,28
152,28
191,28
281,28
529,28
971,28
1849,28
2053,28
2106,28
41,29
236,29
2500,29
4691,29
42,30
354,30
584,30
1096,30
1589,30
43,31
287,31
485,31
540,31
662,31
718,31
782,31
810,31
2945,31
44,32
45,33
227,33
361,33
675,33
685,33
1780,33
46,34
1197,34
2164,34
2294,34
3697,34
4414,34
4486,34
49,35
142,35
161,35
937,35
51,36
197,36
904,36
2758,36
3477,36
52,37
116,37
670,37
1133,37
1437,37
1536,37
3844,37
53,38
434,38
751,38
893,38
2552,38
55,39
179,39
190,39
195,39
285,39
374,39
524,39
537,39
546,39
590,39
605,39
649,39
654,39
698,39
912,39
1040,39
1225,39
1249,39
1557,39
1750,39
1875,39
2153,39
2155,39
2612,39
2918,39
3081,39
56,40
57,41
58,42
212,42
419,42
4751,42
4856,42
61,43
93,43
143,43
220,43
254,43
523,43
1815,43
4304,43
62,44
92,44
154,44
357,44
376,44
397,44
837,44
861,44
1189,44
1202,44
1497,44
1577,44
2364,44
63,45
125,45
127,45
233,45
655,45
3849,45
68,46
79,46
239,46
69,47
259,47
816,47
4570,47
70,48
80,48
81,48
683,48
1541,48
1806,48
3768,48
71,49
258,49
309,49
327,49
362,49
453,49
921,49
1282,49
1412,49
1514,49
1563,49
1791,49
1904,49
2426,49
2795,49
3101,49
3502,49
4536,49
4551,49
5002,49
73,50
101,50
165,50
396,50
494,50
586,50
830,50
1333,50
1462,50
2641,50
3899,50
74,51
471,51
1493,51
2226,51
2639,51
4278,51
5013,51
75,52
437,52
796,52
842,52
934,52
1071,52
2925,52
76,53
256,53
433,53
717,53
1023,53
3562,53
4897,53
77,54
930,54
1231,54
2214,54
2338,54
78,55
326,55
1128,55
3561,55
82,56
83,57
84,58
1883,58
2283,58
3394,58
86,60
88,61
449,61
1418,61
2399,61
89,62
120,62
156,62
350,62
1009,62
90,63
91,64
94,65
163,65
444,65
95,66
492,66
703,66
1384,66
96,67
2600,67
4209,67
99,68
205,68
102,69
365,69
435,69
684,69
716,69
867,69
976,69
1044,69
1198,69
1601,69
103,70
611,70
1773,70
3568,70
104,71
118,71
187,71
208,71
1346,71
105,72
301,72
668,72
874,72
1542,72
1765,72
2770,72
106,73
148,73
222,73
400,73
958,73
1816,73
2971,73
107,74
887,74
1089,74
108,75
192,75
109,76
1553,76
3769,76
110,77
128,77
111,78
173,78
1350,78
1356,78
2313,78
2617,78
114,79
608,79
669,79
735,79
1109,79
1126,79
1218,79
1259,79
1871,79
2535,79
2769,79
3583,79
3853,79
3925,79
122,80
149,80
183,80
525,80
727,80
123,81
201,81
251,81
266,81
468,81
824,81
847,81
1194,81
2206,81
2369,81
2629,81
2799,81
124,82
269,82
1802,82
4102,82
126,83
129,84
176,84
398,84
501,84
3111,84
3723,84
4255,84
4896,84
130,85
209,85
219,85
321,85
392,85
509,85
588,85
613,85
656,85
805,85
1374,85
1740,85
3361,85
131,86
337,86
761,86
1832,86
2455,86
3297,86
3375,86
4142,86
4283,86
132,87
133,88
134,89
246,89
602,89
2549,89
2821,89
3472,89
136,90
740,90
3300,90
4447,90
137,91
172,91
345,91
514,91
139,92
140,93
141,94
198,94
563,94
580,94
582,94
596,94
746,94
1182,94
3798,94
144,95
482,95
145,96
697,96
2103,96
2406,96
146,97
304,97
787,97
1041,97
1639,97
1659,97
1777,97
3880,97
147,98
229,98
277,98
375,98
865,98
150,99
491,99
791,99
1752,99
2370,99
151,100
1160,100
1546,100
1583,100
1956,100
155,101
157,102
158,103
447,103
1087,103
2699,103
159,104
308,104
610,104
1070,104
1612,104
1689,104
1714,104
2419,104
164,105
275,105
951,105
1329,105
1817,105
167,106
470,106
499,106
841,106
1000,106
1116,106
1403,106
1501,106
1544,106
1895,106
2248,106
4151,106
168,107
224,107
1507,107
1758,107
2443,107
2536,107
2606,107
2820,107
169,108
381,108
1650,108
2479,108
2835,108
170,109
502,109
2373,109
171,110
174,111
720,111
2540,111
2927,111
175,112
188,112
543,112
1877,112
3056,112
4000,112
177,113
214,113
535,113
1150,113
1560,113
2141,113
2651,113
181,116
184,117
226,117
323,117
399,117
846,117
2417,117
4782,117
185,118
517,118
186,119
914,119
942,119
3094,119
189,120
443,120
3011,120
4753,120
193,121
382,121
700,121
1043,121
1083,121
1921,121
2278,121
2807,121
3505,121
194,122
1515,122
2836,122
3596,122
3850,122
4974,122
199,124
200,125
207,125
202,126
203,127
286,127
352,127
373,127
386,127
944,127
1274,127
1868,127
2154,127
2437,127
2602,127
204,128
257,128
265,128
734,128
853,128
1331,128
210,129
359,129
385,129
530,129
213,130
367,130
549,130
2453,130
3018,130
3118,130
3217,130
4459,130
215,131
311,131
377,131
657,131
1290,131
2119,131
216,132
366,132
417,132
621,132
1004,132
1059,132
1250,132
1594,132
1755,132
2407,132
217,133
775,133
2128,133
218,134
310,134
614,134
881,134
1081,134
1193,134
1258,134
1555,134
1828,134
1842,134
2526,134
3037,134
3332,134
221,135
244,135
456,135
667,135
755,135
1339,135
223,136
1211,136
1887,136
2024,136
2922,136
2923,136
225,137
2249,137
230,138
1042,138
1602,138
231,139
1361,139
2057,139
2790,139
234,141
550,141
933,141
235,142
240,142
1050,142
1053,142
1736,142
1764,142
2035,142
2637,142
237,143
238,143
241,143
3025,143
4675,143
242,144
1396,144
245,146
248,147
493,147
1420,147
1994,147
2223,147
2376,147
2679,147
249,148
2862,148
250,149
390,149
2933,149
252,150
432,150
511,150
253,151
436,151
2331,151
2990,151
255,152
401,152
412,152
743,152
938,152
1039,152
1055,152
1570,152
1669,152
2066,152
2096,152
3193,152
3471,152
4280,152
4485,152
4906,152
260,153
2224,153
2285,153
4073,153
262,154
263,155
267,155
428,155
1527,155
1878,155
2163,155
264,156
625,156
268,157
380,157
395,157
466,157
1590,157
270,158
1146,158
2094,158
272,159
430,159
475,159
822,159
1105,159
1162,159
2051,159
3588,159
273,160
290,160
626,160
640,160
737,160
1212,160
274,161
278,162
316,162
1748,162
280,163
282,164
1228,164
1609,164
1767,164
4961,164
283,165
484,165
1490,165
293,166
355,166
383,166
410,166
729,166
747,166
851,166
880,166
1025,166
2157,166
2605,166
2899,166
294,167
1305,167
1850,167
2518,167
2879,167
2919,167
295,168
572,168
661,168
935,168
1757,168
1903,168
296,169
738,169
1275,169
2393,169
2471,169
3704,169
297,170
589,170
707,170
856,170
859,170
2931,170
3356,170
4497,170
298,171
369,171
299,172
715,172
1568,172
300,173
343,173
461,173
719,173
1154,173
1517,173
1726,173
2628,173
302,174
303,175
2059,175
2387,175
2860,175
305,176
455,176
652,176
306,177
3171,177
4260,177
307,178
506,178
783,178
1278,178
1768,178
3815,178
312,179
695,179
1006,179
4376,179
4903,179
314,180
317,181
848,181
855,181
2147,181
318,182
319,183
2021,183
320,184
724,184
322,185
483,185
3147,185
324,186
336,186
325,187
3512,187
328,188
1130,188
1172,188
2494,188
2975,188
3008,188
4056,188
4409,188
329,189
330,190
633,190
857,190
1108,190
1419,190
1658,190
2135,190
2293,190
332,191
643,191
696,191
711,191
839,191
1400,191
1785,191
2404,191
333,192
504,192
1017,192
1190,192
4296,192
334,193
335,194
542,194
1327,194
342,195
1325,195
2452,195
344,196
346,197
1941,197
4119,197
347,198
818,198
864,198
1834,198
2410,198
2801,198
348,199
562,199
1226,199
1441,199
349,200
1404,200
1429,200
2085,200
2972,200
351,201
533,201
578,201
592,201
630,201
666,201
681,201
741,201
1037,201
1829,201
2235,201
2282,201
2840,201
3014,201
3941,201
358,202
768,202
940,202
1155,202
360,203
364,203
1030,203
1056,203
1769,203
363,204
368,205
528,205
644,205
2614,205
3884,205
3968,205
370,206
714,206
1432,206
3595,206
372,207
450,207
459,207
515,207
536,207
1435,207
1587,207
2102,207
3105,207
378,208
693,208
1152,208
1576,208
2604,208
379,209
539,209
2618,209
384,210
439,210
566,210
797,210
1504,210
1885,210
1907,210
2441,210
3045,210
3167,210
3560,210
3799,210
387,211
1874,211
388,212
1080,212
389,213
913,213
2681,213
391,214
677,214
1485,214
2194,214
393,215
860,215
394,216
440,216
1011,216
402,217
507,217
559,217
597,217
679,217
680,217
794,217
825,217
1438,217
2169,217
403,218
479,218
404,219
407,219
406,220
1047,220
3876,220
409,221
411,221
452,221
651,221
1210,221
413,222
510,222
414,223
2524,223
2534,223
2816,223
4684,223
415,224
579,224
612,224
2896,224
420,225
421,226
900,226
1656,226
2601,226
422,227
879,227
1139,227
2173,227
423,228
2300,228
424,229
555,229
1422,229
1865,229
425,230
2227,230
2559,230
3742,230
426,231
645,231
2210,231
2271,231
427,232
448,232
451,232
531,232
1338,232
1634,232
2129,232
429,233
1123,233
1215,233
431,234
2388,234
2470,234
3371,234
3887,234
3888,234
4002,234
4160,234
4952,234
438,235
2020,235
441,236
663,236
749,236
1398,236
2027,236
2252,236
2544,236
445,237
1625,237
1627,237
1640,237
4931,237
446,238
985,238
1264,238
454,239
1407,239
1411,239
457,240
532,240
618,240
730,240
835,240
1761,240
2158,240
3038,240
462,241
969,241
1320,241
2167,241
2464,241
463,242
1207,242
1416,242
464,243
1097,243
1450,243
3989,243
465,244
1381,244
1488,244
2297,244
2298,244
467,245
469,246
1678,246
2398,246
4060,246
4490,246
472,247
1240,247
1677,247
1838,247
1892,247
1971,247
2609,247
3093,247
473,248
1078,248
474,249
476,250
870,250
1281,250
1457,250
3594,250
3728,250
477,251
910,251
2159,251
2573,251
2968,251
478,252
481,253
4226,253
4648,253
486,254
487,255
936,255
1267,255
1626,255
488,256
1709,256
2028,256
2390,256
2701,256
2935,256
4796,256
490,257
495,258
496,259
497,260
983,260
1229,260
3024,260
3123,260
3458,260
4537,260
500,261
1841,261
2357,261
503,262
505,263
1783,263
512,265
516,266
902,266
1470,266
1622,266
2555,266
2784,266
3557,266
518,267
2830,267
519,268
520,269
521,270
1090,270
522,271
634,271
534,272
541,273
604,273
678,273
1032,273
1453,273
2423,273
545,274
725,274
908,274
980,274
1389,274
1749,274
3285,274
3988,274
547,275
600,275
765,275
849,275
1086,275
1646,275
1686,275
2514,275
548,276
1084,276
1341,276
1413,276
2036,276
2396,276
551,277
1364,277
552,278
567,278
854,278
1141,278
1830,278
1869,278
2200,278
2274,278
2428,278
2631,278
2833,278
3747,278
3946,278
553,279
1048,279
2082,279
554,280
569,280
843,280
1140,280
1340,280
1840,280
556,281
557,282
903,282
2914,282
558,283
1099,283
2040,283
2706,283
560,284
561,285
745,285
564,286
568,287
570,288
1414,288
1431,288
1797,288
1835,288
573,289
722,289
1833,289
3261,289
574,290
1237,290
1867,290
576,291
577,292
713,292
1938,292
2858,292
581,293
598,293
616,293
1149,293
585,294
916,294
992,294
1079,294
1599,294
1855,294
2246,294
2765,294
587,295
593,296
777,296
595,297
789,297
897,297
931,297
950,297
1390,297
2640,297
599,298
1423,298
1424,298
3017,298
601,299
888,299
1068,299
1851,299
606,300
821,300
1741,300
2056,300
3478,300
609,301
615,302
1034,302
1526,302
1894,302
1925,302
619,304
1458,304
1582,304
620,305
622,306
623,307
624,308
639,308
875,308
924,308
1208,308
1217,308
1265,308
1642,308
1940,308
2083,308
627,309
628,310
754,310
1286,310
1779,310
631,312
632,313
1653,313
4643,313
635,314
636,315
932,315
1268,315
638,317
641,318
1699,318
1920,318
2906,318
647,319
691,319
770,319
4512,319
648,320
650,321
653,322
699,322
1745,322
1852,322
3004,322
658,323
2299,323
659,324
2608,324
3578,324
660,325
688,325
1205,325
664,326
1221,326
2334,326
2891,326
665,327
773,327
815,327
878,327
907,327
974,327
998,327
1005,327
1246,327
1454,327
1463,327
1604,327
1605,327
1870,327
2087,327
2133,327
2761,327
2864,327
3541,327
3674,327
671,328
1166,328
2395,328
3449,328
4200,328
672,329
891,329
2363,329
3049,329
3080,329
4257,329
4360,329
673,330
1427,330
3390,330
674,331
954,331
2895,331
676,332
2547,332
4682,332
682,333
828,333
1213,333
1479,333
1502,333
2009,333
687,334
1332,334
2499,334
689,335
690,336
1127,336
1355,336
1449,336
2000,336
4041,336
692,337
807,337
1214,337
701,339
2347,339
702,340
1088,340
2171,340
3125,340
704,341
1002,341
1082,341
1391,341
1525,341
1697,341
2444,341
2542,341
2652,341
2819,341
3363,341
705,342
706,343
708,344
2368,344
709,345
790,345
838,345
2037,345
2962,345
712,346
1184,346
1409,346
1619,346
721,347
726,348
823,348
1254,348
728,349
731,350
1512,350
732,351
2983,351
736,352
788,352
1484,352
1974,352
3587,352
739,353
2673,353
3474,353
742,354
1771,354
3029,354
3544,354
3881,354
744,355
1094,355
748,356
803,356
1316,356
2039,356
2137,356
2545,356
750,357
819,357
1074,357
1543,357
1786,357
2165,357
752,358
901,358
753,359
756,360
785,360
1690,360
757,361
759,362
760,363
762,364
1046,364
1186,364
1863,364
2112,364
2138,364
3030,364
3489,364
763,365
764,366
890,366
1177,366
1299,366
1556,366
766,367
767,368
4590,368
769,369
1354,369
2084,369
771,370
1774,370
2049,370
772,371
784,371
1051,371
1119,371
1606,371
2621,371
2756,371
3590,371
774,372
3608,372
4272,372
776,373
939,373
1077,373
1252,373
1784,373
1858,373
2517,373
3604,373
778,374
779,375
863,375
780,376
1323,376
1847,376
2704,376
781,377
786,378
905,378
1289,378
2359,378
4467,378
792,379
1848,379
793,380
798,381
799,382
1987,382
2878,382
3292,382
4668,382
800,383
895,383
2280,383
3149,383
801,384
802,385
1905,385
804,386
2018,386
4145,386
806,387
1049,387
1243,387
1321,387
808,388
1241,388
1476,388
2281,388
2952,388
809,389
1999,389
2314,389
4020,389
5015,389
811,390
812,391
2061,391
2949,391
3928,391
813,392
814,393
1013,393
1297,393
1357,393
1574,393
3103,393
3107,393
3805,393
820,394
826,395
829,396
945,396
1235,396
2378,396
832,397
1027,397
2275,397
2889,397
2964,397
833,398
1836,398
2219,398
3109,398
3142,398
836,399
2785,399
840,400
844,401
1276,401
1667,401
2504,401
845,402
1101,402
2943,402
850,403
1106,403
2063,403
2659,403
3639,403
852,404
894,404
1522,404
3552,404
862,405
952,405
997,405
866,406
1069,406
868,407
1012,407
1970,407
869,408
1277,408
1388,408
2951,408
3658,408
871,409
872,410
1968,410
4010,410
873,411
1026,411
2124,411
2181,411
2917,411
3211,411
4227,411
876,412
877,413
1157,413
882,414
1478,414
1932,414
883,415
2566,415
884,416
1981,416
885,417
886,418
889,419
892,420
2489,420
896,421
1052,421
1204,421
1247,421
1572,421
2414,421
2838,421
3129,421
3467,421
3538,421
4397,421
899,422
1337,422
3761,422
4338,422
4720,422
906,423
2127,423
3333,423
909,424
990,424
1192,424
1343,424
1406,424
1754,424
1825,424
2237,424
2254,424
2306,424
2635,424
3480,424
5036,424
911,425
1107,425
1178,425
1417,425
1472,425
3520,425
915,426
2782,426
917,427
2492,427
3359,427
4487,427
918,428
1491,428
1700,428
4097,428
919,429
962,429
984,429
3403,429
920,430
2408,430
3868,430
922,431
1318,431
1872,431
2736,431
923,432
925,433
1598,433
1908,433
3146,433
926,434
1219,434
1552,434
2554,434
2643,434
929,435
941,436
1702,436
1718,436
1980,436
2070,436
2291,436
2999,436
3885,436
943,437
1382,437
1596,437
4203,437
947,438
1129,438
1430,438
1946,438
2104,438
2796,438
2985,438
3145,438
3199,438
3600,438
3681,438
3847,438
4052,438
4213,438
4484,438
4924,438
948,439
1180,439
1206,439
1494,439
1967,439
949,440
1209,440
1554,440
1581,440
953,441
955,442
1496,442
1739,442
2199,442
956,443
1066,443
957,444
3479,444
959,445
1014,445
1233,445
1452,445
2190,445
2849,445
3982,445
4696,445
960,446
1352,446
1891,446
1927,446
2086,446
2225,446
961,447
993,447
1857,447
2353,447
964,448
965,449
4012,449
966,450
1312,450
1367,450
1807,450
2110,450
2737,450
967,451
4672,451
968,452
2447,452
2764,452
3468,452
970,453
1983,453
3383,453
973,455
1480,455
3272,455
977,456
978,457
1692,457
2244,457
979,458
2932,458
981,459
1262,459
982,460
1808,460
3294,460
4047,460
4710,460
986,461
987,462
988,463
1163,463
1675,463
989,464
991,465
1315,465
2430,465
2436,465
2585,465
2763,465
3364,465
4051,465
4632,465
996,466
1395,466
999,467
1292,467
3655,467
1001,468
2970,468
1003,469
1171,469
1394,469
1442,469
4763,469
1007,470
1298,470
1360,470
1788,470
1977,470
2241,470
2421,470
2493,470
2620,470
3599,470
3903,470
4533,470
4822,470
1010,471
1296,471
1579,471
1763,471
2548,471
3140,471
3788,471
1015,472
1559,472
2152,472
2311,472
3131,472
3204,472
3652,472
1016,473
1651,473
2863,473
4410,473
1018,474
1789,474
1839,474
1936,474
3939,474
4422,474
4576,474
4998,474
1019,475
1272,475
1853,475
2883,475
1020,476
2814,476
1021,477
4068,477
1028,478
1637,478
2139,478
2966,478
4309,478
1029,479
1307,479
1466,479
1031,480
2661,480
1033,481
1775,481
2771,481
3246,481
1035,482
1703,482
1896,482
2055,482
1038,483
1095,483
2974,483
1045,484
1054,485
1075,485
1284,485
1057,486
4089,486
1058,487
1524,487
1673,487
1060,488
1196,488
1283,488
2394,488
1061,489
2773,489
1062,490
1063,491
1064,492
1753,492
2017,492
2075,492
2220,492
2286,492
2623,492
2778,492
2954,492
3169,492
4807,492
1065,493
1072,494
1232,494
1712,494
1073,495
3282,495
4248,495
4538,495
1076,496
1200,496
2054,496
2305,496
2789,496
1085,497
1645,497
3551,497
1091,498
2658,498
2839,498
1092,499
1156,499
1271,499
1093,500
1098,500
1100,501
1102,502
1103,503
3738,503
1104,504
1269,504
2580,504
2743,504
1110,505
1224,505
1531,505
1846,505
1969,505
1995,505
1111,506
1562,506
1713,506
3606,506
1112,507
1882,507
1113,508
2724,508
3180,508
3714,508
4958,508
1114,509
2344,509
2946,509
4843,509
1117,510
1248,510
1118,511
1120,512
1633,512
3379,512
1121,513
2251,513
1122,514
1124,515
1939,515
2071,515
2233,515
1125,516
3822,516
1131,517
2389,517
1135,518
1142,518
1893,518
1136,519
2710,519
3036,519
3077,519
1137,520
1138,521
1370,521
1143,522
2636,522
1144,523
1145,524
2630,524
1147,525
1306,525
1698,525
1813,525
2100,525
2170,525
4494,525
1148,526
2213,526
2238,526
2717,526
3090,526
3529,526
4189,526
1151,527
1481,527
3040,527
1153,528
1222,528
1790,528
3301,528
1158,529
1216,529
4597,529
1159,530
1742,530
3051,530
1161,531
1164,532
1611,532
2934,532
1165,533
2130,533
1167,534
1238,534
1635,534
1766,534
1796,534
1168,535
1379,535
1451,535
1975,535
2263,535
4269,535
4317,535
1169,536
3425,536
1170,537
1173,538
2174,538
1174,539
1547,539
1175,540
1179,541
1181,542
1183,543
1185,544
3352,544
4531,544
1187,545
1256,545
1477,545
1608,545
2929,545
1188,546
2456,546
3430,546
3435,546
1191,547
4358,547
1199,548
1302,548
1434,548
1916,548
1201,549
1257,549
1421,549
1475,549
1845,549
1963,549
2022,549
2361,549
2786,549
3378,549
3916,549
4353,549
1203,550
1223,551
1380,551
1607,551
1798,551
1227,552
1428,552
1620,552
1681,552
2392,552
1236,554
1242,556
1244,557
4831,557
1245,558
1251,559
3141,559
1253,560
1255,561
2476,561
3259,561
1260,562
1486,562
2358,562
3779,562
1261,563
1263,564
1270,565
1539,565
1926,565
3028,565
3720,565
1273,566
1313,566
1279,567
1523,567
1280,568
1285,569
1638,569
1287,570
2091,570
2435,570
2695,570
1288,571
3283,571
1291,572
3524,572
3619,572
3889,572
1293,573
2187,573
3953,573
1294,574
3917,574
1295,575
1300,576
1922,576
2557,576
3428,576
1301,577
1303,578
1304,579
2365,579
1308,580
1799,580
1915,580
2211,580
2496,580
3139,580
3286,580
1309,581
4279,581
1310,582
1311,583
1822,583
1317,585
1319,586
3099,586
1322,587
3157,587
3528,587
1324,588
1326,589
2989,589
1328,590
1330,591
1336,592
1342,593
2025,593
3032,593
3418,593
1344,594
1345,595
2996,595
3215,595
1348,596
1349,597
1566,597
1831,597
3046,597
3281,597
1351,598
1353,599
1631,599
1358,600
1595,600
3097,600
1362,601
3232,601
1363,602
1812,602
3499,602
4229,602
4476,602
1365,603
1375,603
1912,603
1953,603
2301,603
2668,603
1366,604
3415,604
1368,605
1369,606
4646,606
1371,607
1906,607
2295,607
2405,607
4054,607
1372,608
1408,608
1440,608
1886,608
2108,608
3064,608
3497,608
1373,609
1376,610
1461,610
2031,610
2105,610
3121,610
3581,610
3719,610
3818,610
3930,610
4105,610
4853,610
5009,610
1377,611
1378,612
1387,612
4064,612
1383,613
1385,614
2052,614
1386,615
2824,615
2845,615
1392,616
1580,616
1772,616
1897,616
3672,616
1397,617
2797,617
2950,617
1399,618
1410,619
3360,619
3564,619
1415,620
2198,620
2402,620
1425,621
2341,621
1426,622
2509,622
1433,623
1436,624
1439,625
1972,625
3047,625
3070,625
3279,625
3830,625
4937,625
1443,626
1444,627
1964,627
2088,627
2490,627
1446,628
2846,628
1447,629
1787,629
2921,629
1448,630
1455,631
2042,631
2503,631
4152,631
1456,632
3493,632
1459,633
1600,633
2116,633
3842,633
1460,634
1464,635
3318,635
1465,636
2101,636
1467,637
1468,638
3161,638
1469,639
1471,640
1473,641
4600,641
1474,642
1482,643
1483,644
1492,647
74,648
471,648
1493,648
2226,648
2639,648
4278,648
5013,648
1495,649
1498,650
1827,650
1880,650
1933,650
1503,651
1729,651
1505,652
1506,653
2325,653
1511,655
3176,655
3644,655
1513,656
2099,656
1516,657
1518,658
2048,658
2324,658
2374,658
1519,659
1549,659
2047,659
3436,659
1520,660
4174,660
1521,661
3670,661
1528,662
1529,663
1530,664
1532,665
1533,666
1534,667
2029,667
1535,668
1593,668
2191,668
1537,669
1538,670
2742,670
3486,670
1540,671
1756,671
3689,671
4133,671
1545,672
3271,672
4792,672
1548,673
1550,674
2209,674
1551,675
1558,676
1564,677
1565,678
2834,678
1567,679
1569,680
3039,680
1571,681
1573,682
1575,683
3207,683
1578,684
2775,684
3263,684
1584,685
1588,686
1993,686
1591,687
1592,688
4805,688
1603,689
1610,690
1613,691
2451,691
2963,691
3439,691
3464,691
4558,691
1614,692
2172,692
2491,692
2960,692
3338,692
1615,693
3369,693
3632,693
4686,693
1616,694
2322,694
1618,695
1720,695
1623,696
1624,697
1628,698
1862,698
2132,698
2276,698
2288,698
2292,698
2416,698
2431,698
2458,698
2561,698
2568,698
2578,698
2665,698
2696,698
2718,698
2726,698
2982,698
3890,698
3908,698
4251,698
4253,698
4325,698
1629,699
1630,700
1632,701
1636,702
1644,703
1648,704
4655,704
1649,705
4221,705
1654,706
1655,707
2193,707
2204,707
2269,707
1657,708
1661,709
3555,709
1662,710
4184,710
1663,711
1982,711
4258,711
4351,711
1664,712
1666,713
3963,713
1668,714
1670,715
1671,716
1672,717
1674,718
1876,718
1676,719
3119,719
1679,720
1680,721
1682,722
2176,722
1683,723
2072,723
3194,723
3453,723
1684,724
2330,724
1687,726
1688,727
1691,728
2505,728
3877,728
1693,729
3009,729
3957,729
4861,729
1694,730
1695,731
1759,731
1979,731
2023,731
4828,731
1696,732
1701,733
1704,734
3256,734
1705,735
1706,736
2064,736
1707,737
1710,738
1715,739
3767,739
4499,739
4898,739
1716,740
2871,740
1717,741
3234,741
1719,742
2044,742
1721,743
1722,744
1723,745
2683,745
1724,746
1725,747
2126,747
1728,748
1731,750
1732,751
1733,752
1734,753
1735,754
3170,754
1738,755
1743,756
2166,756
1744,757
1844,757
2089,757
2097,757
1746,758
1747,759
1751,760
1762,761
1776,762
2438,762
3174,762
3385,762
4858,762
1781,763
2332,763
2583,763
2987,763
1782,764
1792,765
1793,766
2142,766
4542,766
1795,768
2117,768
1800,769
2645,769
3027,769
4067,769
1801,770
3676,770
1804,771
2924,771
1805,772
2122,772
1809,773
2967,773
1810,774
2315,774
1814,775
2826,775
1818,776
1820,777
1821,778
2004,778
2168,778
2312,778
3543,778
3610,778
3907,778
4083,778
4191,778
4267,778
5016,778
1823,779
3392,779
1824,780
1826,781
2150,781
2256,781
1837,782
1854,783
3943,783
1856,784
1859,785
1860,786
2969,786
1861,787
1864,788
1866,789
1998,789
4030,789
1873,790
2449,790
2898,790
1879,791
1881,792
2707,792
2888,792
2902,792
3451,792
3481,792
3825,792
1884,793
1888,794
1890,795
4408,795
4649,795
1898,796
1900,797
2140,797
2177,797
2180,797
2366,797
2477,797
2625,797
2779,797
3100,797
1901,798
2497,798
3444,798
1902,799
3126,799
1909,800
4683,800
1913,801
1914,802
1917,803
1918,804
2308,804
1919,805
2418,805
3732,805
3757,805
1923,806
3106,806
3197,806
1924,807
1928,808
1929,809
3745,809
1930,810
2008,810
1931,811
1934,812
2425,812
2474,812
3712,812
4895,812
1935,813
1937,814
1942,815
2290,815
1943,816
1944,817
3405,817
1945,818
2060,818
1947,819
1950,820
2774,820
1951,821
1952,822
1954,823
1955,824
3506,824
1957,825
1958,826
1959,827
3054,827
1960,828
2528,828
3855,828
1961,829
1962,830
2222,830
3984,830
1965,831
1966,832
2781,832
4314,832
1976,833
2841,833
4380,833
1978,834
1984,835
1985,836
2772,836
1986,837
2329,837
2572,837
1989,838
3485,838
1990,839
2287,839
2327,839
1991,840
1992,841
1996,842
3710,842
1997,843
2001,844
2596,844
2734,844
2881,844
3772,844
4412,844
2003,845
2005,846
2006,847
3187,847
2007,848
2011,850
2013,851
2014,852
2015,853
2078,853
2016,854
4223,854
2019,855
2397,855
2603,855
2026,856
3346,856
2030,857
2032,858
2196,858
5012,858
2033,859
2034,860
4104,860
2038,861
2543,861
2884,861
3002,861
3970,861
4823,861
2041,862
2887,862
3206,862
2043,863
3789,863
2045,864
2046,865
2058,866
2806,866
2062,867
2065,868
2067,869
2068,870
2069,871
2073,872
3948,872
2074,873
2473,873
2077,874
3063,874
3339,874
4092,874
4491,874
2080,875
3042,875
3870,875
4024,875
4159,875
4169,875
4574,875
2081,876
2092,877
2433,877
2093,878
2098,879
2107,880
2109,881
3128,881
2111,882
2356,882
2113,883
2114,884
3034,884
4607,884
2115,885
3709,885
2118,886
2120,887
2121,888
2123,889
3071,889
2125,890
2355,890
2134,892
2208,892
4575,892
2136,893
2143,894
2146,895
2148,896
2149,897
2151,898
2156,899
2160,900
2161,901
2622,901
3031,901
3700,901
2162,902
3695,902
2175,903
3567,903
2179,904
2182,905
2563,905
2876,905
2183,906
2184,907
2185,908
4902,908
2186,909
2188,910
2189,911
2195,912
4731,912
2197,913
3104,913
2201,914
2202,915
2684,915
3575,915
2203,916
2207,917
2212,918
2215,919
2362,919
2216,920
2217,921
2218,922
2409,922
2221,923
4909,923
2228,924
2664,924
2870,924
3308,924
2229,925
2230,926
2231,927
2401,927
2232,928
3113,928
4546,928
2234,929
2236,930
2239,931
3702,931
3707,931
2240,932
3612,932
2243,933
3920,933
3996,933
4069,933
4072,933
4411,933
4475,933
4493,933
2245,934
2676,934
3638,934
2247,935
3395,935
2250,936
2955,936
3185,936
2253,937
2255,938
2257,939
2339,939
3219,939
2259,940
2262,941
2264,942
2851,942
2265,943
2590,943
2822,943
3845,943
2266,944
3288,944
3584,944
4055,944
4339,944
4942,944
2267,945
2268,946
3628,946
2272,947
2273,948
2277,949
3303,949
2284,950
2289,951
2296,952
2853,952
3886,952
4035,952
2302,953
2303,954
2307,955
3295,955
2309,956
2812,956
3061,956
3315,956
3400,956
2310,957
4036,957
2316,958
2832,958
3875,958
2317,959
3347,959
4026,959
2318,960
3445,960
2319,961
2320,962
2823,962
3309,962
2321,963
2323,964
2326,965
2328,966
2333,967
2336,969
2337,970
2342,971
2346,972
2348,973
2349,974
2350,975
2351,976
2352,977
2354,978
2360,979
3144,979
2367,980
2372,981
2375,982
2377,983
2379,984
3406,984
3442,984
2380,985
2381,986
4301,986
2382,987
2502,987
2383,988
2384,989
2412,989
3136,989
2385,990
2386,991
2391,992
2400,993
2569,993
2403,994
3675,994
2411,995
2420,996
2422,997
2702,997
2424,998
2427,999
2429,1000
3311,1000
2432,1001
2656,1001
3981,1001
2434,1002
3307,1002
2439,1003
2440,1004
2787,1004
4136,1004
2442,1005
2788,1005
2445,1006
2448,1008
2454,1009
2457,1010
3151,1010
3826,1010
4872,1010
2459,1011
2461,1012
2732,1012
3265,1012
2462,1013
2463,1014
2466,1015
2739,1015
2468,1016
2469,1017
2472,1018
2478,1020
2480,1021
2481,1022
2482,1023
4125,1023
2483,1024
2828,1024
3733,1024
2484,1025
2485,1026
2488,1027
2495,1028
2498,1029
3041,1029
2501,1030
2506,1031
2507,1032
2508,1033
2511,1034
2669,1034
2512,1035
2513,1036
547,1037
600,1037
765,1037
849,1037
1086,1037
1646,1037
1686,1037
2514,1037
2515,1038
2516,1039
2519,1040
2520,1041
2521,1042
3912,1042
2522,1043
3124,1043
2523,1044
2525,1045
2527,1046
2529,1047
2530,1048
3995,1048
2531,1049
2532,1050
2616,1050
2533,1051
3923,1051
2537,1052
3321,1052
2538,1053
3166,1053
3393,1053
2539,1054
3003,1054
2541,1055
2546,1056
2550,1057
2551,1058
2556,1059
2558,1060
3626,1060
2560,1061
2562,1062
2564,1063
2984,1063
3096,1063
2565,1064
2567,1065
2570,1066
2571,1067
2649,1067
2574,1068
2575,1069
2576,1070
2577,1071
2579,1072
4908,1072
2581,1073
2582,1074
2584,1075
2667,1075
2809,1075
3388,1075
3397,1075
4058,1075
4172,1075
2586,1076
2587,1077
2588,1078
2593,1081
2720,1081
2594,1082
2597,1083
2598,1084
2611,1086
2613,1087
2615,1088
3691,1088
2626,1090
2909,1090
2627,1091
4316,1091
2632,1092
2633,1093
4650,1093
2634,1094
2638,1095
2642,1096
4354,1096
2644,1097
2646,1098
3490,1098
3495,1098
4183,1098
4438,1098
2648,1099
4972,1099
2650,1100
2653,1101
2897,1101
2654,1102
3460,1102
3832,1102
4889,1102
2655,1103
2657,1104
2660,1105
3043,1105
3500,1105
2662,1106
2663,1107
2666,1108
2957,1108
2670,1109
3571,1109
2671,1110
2672,1111
2674,1112
2675,1113
2677,1114
2678,1115
4544,1115
2680,1116
2810,1116
2682,1117
3112,1117
3402,1117
4037,1117
2685,1118
2686,1119
2783,1119
2687,1120
2688,1121
3257,1121
2689,1122
2690,1123
3441,1123
2691,1124
2692,1125
2911,1125
2693,1126
2901,1126
3150,1126
2694,1127
2697,1128
2698,1129
2700,1130
2705,1131
4155,1131
2708,1132
4061,1132
4079,1132
2709,1133
2711,1134
4883,1134
2712,1135
2713,1136
2827,1136
2714,1137
2715,1138
3317,1138
3641,1138
3985,1138
4566,1138
2716,1139
2719,1140
3020,1140
2721,1141
2723,1142
2725,1143
2727,1144
2939,1144
2729,1145
2892,1145
3780,1145
4424,1145
4557,1145
2730,1146
2731,1147
2733,1148
2735,1149
2738,1150
2740,1151
2741,1152
2745,1154
2746,1155
2747,1156
3648,1156
4207,1156
2748,1157
2749,1158
2750,1159
2752,1161
2753,1162
2754,1163
2755,1164
2757,1165
2759,1166
2760,1167
2762,1168
2908,1168
3275,1168
2766,1169
2767,1170
2768,1171
2777,1172
3134,1172
2780,1173
3582,1173
3843,1173
2791,1174
3367,1174
3492,1174
3592,1174
2792,1175
2793,1176
2794,1177
3287,1177
2798,1178
2800,1179
2802,1180
2803,1181
4100,1181
2804,1182
4382,1182
2805,1183
3306,1183
4549,1183
2808,1184
2811,1185
2813,1186
2815,1187
2817,1188
4492,1188
2818,1189
2842,1190
3291,1190
2843,1191
3087,1191
2844,1192
2847,1193
2848,1194
2850,1195
2852,1196
3665,1196
2854,1197
2855,1198
2856,1199
2857,1200
3947,1200
2859,1201
2861,1202
4431,1202
2865,1203
3777,1203
4149,1203
4345,1203
4740,1203
2866,1204
3062,1204
2867,1205
2868,1206
3806,1206
2869,1207
3210,1207
5026,1207
2872,1208
2873,1209
2874,1210
2875,1211
2877,1212
5027,1212
2880,1213
2882,1214
2885,1215
2886,1216
2890,1217
2893,1218
2894,1219
2900,1220
2903,1221
3250,1221
3515,1221
3781,1221
3813,1221
4869,1221
4943,1221
2904,1222
2905,1223
2907,1224
3620,1224
2910,1225
2912,1226
2913,1227
3516,1227
2915,1228
2916,1229
3239,1229
2926,1231
2928,1232
2930,1233
3162,1233
3448,1233
4215,1233
2936,1234
3381,1234
4770,1234
2937,1235
2938,1236
2956,1236
3201,1236
2940,1237
3114,1237
3731,1237
3751,1237
2941,1238
2942,1239
2944,1240
2947,1241
2948,1242
2958,1243
4196,1243
2959,1244
2961,1245
2965,1246
2973,1247
2976,1248
2977,1249
2978,1250
2979,1251
2980,1252
3229,1252
2981,1253
3598,1253
3603,1253
3926,1253
2986,1254
3344,1254
3470,1254
2988,1255
2991,1256
2992,1257
2993,1258
2994,1259
2995,1260
3860,1260
4106,1260
2997,1261
4433,1261
2998,1262
4163,1262
3000,1263
3005,1264
4121,1264
3006,1265
3007,1266
3010,1267
3012,1268
3013,1269
3015,1270
3228,1270
3016,1271
3019,1272
3021,1273
4748,1273
3022,1274
3023,1275
3026,1276
3033,1277
3035,1278
3044,1279
3048,1280
3050,1281
3052,1282
3053,1283
3055,1284
3156,1284
3058,1285
3060,1286
3065,1287
3730,1287
3066,1288
3067,1289
4187,1289
3068,1290
3216,1290
3069,1291
3072,1292
3273,1292
3073,1293
3074,1294
3075,1295
3076,1296
3345,1296
3078,1297
3082,1299
3084,1301
3086,1302
3088,1303
3089,1304
3091,1305
3092,1306
3098,1306
3354,1306
3698,1306
4774,1306
3095,1307
3289,1307
4059,1307
3102,1308
3108,1309
3900,1309
3110,1310
3115,1311
3241,1311
3116,1312
3117,1313
4075,1313
4086,1313
3120,1314
3531,1314
4664,1314
3122,1315
3127,1316
3130,1317
3133,1319
3476,1319
3135,1320
3137,1321
3138,1322
4170,1322
3143,1323
3148,1324
3152,1325
3153,1326
4367,1326
4978,1326
3154,1327
3155,1328
3158,1329
3159,1330
3705,1330
3160,1331
3163,1332
3168,1333
3172,1334
3173,1335
3177,1336
3181,1339
3182,1340
3183,1341
3945,1341
3184,1342
3186,1343
3812,1343
3188,1344
3189,1345
3513,1345
4910,1345
5022,1345
3190,1346
3191,1347
3192,1348
3195,1349
3196,1350
3198,1351
3200,1352
3202,1353
4101,1353
4407,1353
3205,1354
3209,1355
3212,1356
3213,1357
3883,1357
3214,1358
3921,1358
3218,1359
3220,1360
4413,1360
3221,1361
3637,1361
3222,1362
3223,1363
3224,1364
3225,1365
3226,1366
3227,1367
3230,1368
3231,1369
3233,1370
3235,1371
3236,1372
3237,1373
3238,1374
3240,1375
3242,1376
3770,1376
3244,1378
3245,1379
3247,1380
3248,1381
3249,1382
3251,1383
3252,1384
3504,1384
3663,1384
3253,1385
3254,1386
3649,1386
3255,1387
3258,1388
3260,1389
3262,1390
3264,1391
3956,1391
3266,1392
3267,1393
3268,1394
4078,1394
3270,1396
3274,1397
3276,1398
3277,1399
3511,1399
3280,1400
3284,1401
3290,1402
3293,1403
3296,1404
3298,1405
3766,1405
3299,1406
3302,1407
3305,1408
3668,1408
3310,1409
3312,1410
3313,1411
3314,1412
3316,1413
3319,1414
3320,1415
3323,1417
3324,1418
3325,1419
3326,1420
3327,1421
3329,1423
3331,1424
3334,1425
3335,1426
3336,1427
3337,1428
3340,1429
3341,1430
3342,1431
3343,1432
3348,1433
3664,1433
3744,1433
4434,1433
3349,1434
3350,1435
3351,1436
3353,1437
3355,1438
3357,1439
3358,1440
3362,1441
3365,1442
3965,1442
3366,1443
3368,1444
3370,1445
3372,1446
3373,1447
3374,1448
3376,1449
3380,1450
3382,1451
3384,1452
3386,1453
3387,1454
3536,1454
3389,1455
3563,1455
4093,1455
4565,1455
4854,1455
3391,1456
4781,1456
3396,1457
3399,1458
3404,1460
3407,1461
4689,1461
3408,1462
3409,1463
3410,1464
4932,1464
3411,1465
3412,1466
3503,1466
3413,1467
3414,1468
3416,1469
3417,1470
3421,1472
3422,1473
4034,1473
4462,1473
3423,1474
3427,1476
3429,1477
4766,1477
3432,1478
3433,1479
3434,1480
3437,1481
3438,1482
3440,1483
3824,1483
4552,1483
3443,1484
4534,1484
3446,1485
3447,1486
3450,1487
3452,1488
3455,1490
3456,1491
3457,1492
3459,1493
3461,1494
3463,1495
3465,1496
3873,1496
3466,1497
3473,1497
3484,1497
3763,1497
4048,1497
4615,1497
134,1498
246,1498
602,1498
2549,1498
2821,1498
3472,1498
3475,1499
3483,1500
3487,1501
3488,1502
3496,1503
3498,1504
3501,1505
3507,1506
3509,1507
3811,1507
3514,1508
3517,1509
3634,1509
3518,1510
3519,1511
3522,1512
3525,1513
3526,1514
3527,1515
3530,1516
3532,1517
4266,1517
3533,1518
3534,1519
3535,1520
3537,1521
3539,1522
3540,1523
3542,1524
3545,1525
3546,1526
3548,1528
3549,1529
3550,1530
3553,1531
3556,1532
3558,1533
3559,1534
3565,1535
3566,1536
3569,1537
3570,1538
4945,1538
3572,1539
3573,1540
3574,1541
3577,1542
3579,1543
3897,1543
3585,1544
3669,1544
3586,1545
3589,1546
3591,1547
3597,1548
3753,1548
4886,1548
3601,1549
3602,1550
3607,1551
3609,1552
3611,1553
3613,1554
3614,1555
3615,1556
3616,1557
3617,1558
3618,1559
3621,1560
3622,1561
4190,1561
3623,1562
3625,1563
3783,1563
4284,1563
3627,1564
4238,1564
4455,1564
3629,1565
3630,1566
3914,1566
3631,1567
3831,1567
3973,1567
3992,1567
3633,1568
3635,1569
3636,1570
3640,1571
3642,1572
3969,1572
3994,1572
4389,1572
4688,1572
3643,1573
3645,1574
3646,1575
3647,1576
3650,1577
4346,1577
3654,1579
3656,1580
3657,1581
3659,1582
3660,1583
3661,1584
3666,1585
3671,1586
3673,1587
3677,1588
3678,1589
3680,1591
4331,1591
4337,1591
3682,1592
4564,1592
3685,1594
3686,1595
3687,1596
3688,1597
3690,1598
4217,1598
4303,1598
4517,1598
3692,1599
3693,1600
3694,1601
3696,1602
3699,1603
3701,1604
3703,1605
3706,1606
3708,1607
3711,1608
3713,1609
3716,1610
3718,1611
4984,1611
3721,1612
3722,1613
129,1614
176,1614
398,1614
501,1614
3111,1614
3723,1614
4255,1614
4896,1614
3724,1615
3725,1616
3726,1617
3727,1618
4840,1618
3729,1619
3734,1620
4797,1620
3735,1621
4509,1621
4527,1621
3736,1622
3737,1623
3739,1624
3740,1625
3743,1626
3746,1627
3748,1628
3750,1630
3752,1631
4085,1631
4569,1631
3754,1632
3918,1632
4181,1632
3755,1633
3756,1634
3758,1635
3759,1636
3760,1637
3762,1638
3764,1639
3765,1640
3771,1641
3773,1642
3774,1643
4199,1643
3775,1644
3778,1645
3782,1646
4692,1646
3784,1647
4292,1647
3785,1648
4793,1648
3786,1649
3787,1650
3790,1651
3791,1652
3792,1653
3793,1654
3794,1655
3795,1656
3796,1657
4742,1657
3797,1658
3800,1659
3802,1660
4794,1660
3804,1661
4657,1661
3807,1662
3809,1663
3810,1664
3814,1665
3816,1666
3817,1667
3819,1668
3821,1670
3823,1671
3827,1672
3828,1673
3829,1674
3833,1675
3834,1676
3835,1677
3836,1678
3837,1679
3838,1680
3839,1681
3840,1682
3841,1683
3846,1684
3913,1684
3851,1685
4498,1685
3852,1686
3854,1687
4556,1687
3857,1689
3859,1691
4103,1691
4662,1691
3862,1693
3863,1694
3864,1695
3865,1696
3866,1697
3867,1698
3869,1699
3871,1700
3874,1701
4658,1701
3878,1702
3879,1703
3891,1704
3894,1705
3895,1706
3937,1706
3896,1707
3898,1708
4070,1708
4156,1708
4477,1708
3902,1709
3904,1710
3905,1711
3906,1712
3910,1713
3911,1713
3915,1714
3919,1715
4420,1715
3922,1716
4867,1716
3924,1717
3927,1718
3929,1719
4045,1719
3931,1720
3932,1721
3933,1722
3934,1723
3935,1724
3936,1725
3938,1726
3940,1727
3942,1728
3949,1730
3951,1732
3955,1734
3958,1735
3959,1736
3960,1737
3961,1738
3962,1739
3999,1739
4985,1739
5038,1739
3964,1740
3966,1741
3967,1742
3971,1743
4158,1743
4168,1743
3972,1744
3974,1745
3975,1746
4219,1746
4222,1746
3976,1747
3977,1748
3978,1749
3979,1750
3986,1752
3987,1753
3991,1754
3993,1755
4062,1755
4077,1755
4371,1755
3997,1756
3998,1757
4003,1758
4005,1759
4006,1760
4007,1761
4009,1763
4011,1764
4013,1765
4014,1766
4015,1767
4017,1768
4018,1769
4019,1770
4275,1770
4287,1770
4021,1771
4022,1772
4023,1773
4025,1774
4027,1775
4028,1776
4029,1777
4031,1778
4032,1779
4033,1780
4578,1780
4038,1781
4039,1782
4040,1783
4042,1784
4166,1784
4390,1784
4482,1784
4043,1785
4044,1786
4046,1787
4049,1788
4050,1789
4146,1789
4388,1789
4405,1789
4825,1789
4053,1790
4057,1791
4063,1792
4370,1792
4065,1793
4066,1794
4071,1795
4074,1796
4076,1797
4081,1798
4084,1800
4087,1801
4244,1801
4090,1802
4091,1803
4094,1804
4095,1805
4096,1806
4098,1807
4294,1807
4099,1808
4605,1808
4107,1809
4108,1810
4109,1811
4110,1812
4111,1813
4231,1813
4112,1814
4113,1815
4789,1815
4115,1816
4117,1817
4118,1818
4122,1819
4123,1820
4124,1821
4126,1822
4127,1823
4128,1824
4130,1825
4131,1826
4132,1827
4134,1828
4473,1828
4135,1829
4137,1830
4138,1831
4479,1831
4139,1832
4140,1833
4141,1834
4143,1835
4144,1836
4147,1837
4148,1838
4150,1839
4153,1840
4154,1841
4157,1842
4161,1843
4162,1844
4663,1844
4164,1845
4167,1847
4171,1848
4385,1848
4173,1849
4175,1850
4795,1850
4176,1851
4177,1852
4760,1852
4178,1853
4179,1854
4180,1855
4182,1856
4185,1857
4186,1858
4188,1859
4679,1859
4193,1861
4194,1862
4195,1863
4197,1864
4198,1865
4201,1866
4202,1867
4204,1868
4205,1869
4206,1870
4208,1871
4210,1872
4211,1873
4212,1874
4214,1875
4216,1876
4218,1877
4220,1878
4224,1879
4928,1879
4225,1880
4228,1881
4230,1882
4232,1883
4711,1883
5043,1883
4233,1884
4234,1885
4235,1886
4236,1887
4237,1888
4239,1889
4240,1890
4406,1890
4242,1892
4245,1893
4246,1894
4247,1895
4249,1896
4780,1896
4252,1897
4254,1898
4256,1899
4259,1900
4727,1900
4261,1901
4724,1901
4956,1901
5019,1901
4262,1902
4263,1903
4264,1904
4265,1905
4270,1906
4359,1906
4639,1906
4271,1907
4273,1908
4274,1909
4276,1910
4277,1911
4281,1912
4285,1913
4286,1914
4288,1915
4290,1916
4291,1917
4833,1917
4834,1917
4293,1918
4295,1919
4297,1920
4298,1921
4299,1922
4300,1923
4302,1924
4306,1925
4307,1926
4308,1927
4310,1928
4311,1929
4312,1930
4313,1931
4315,1932
4318,1933
4319,1934
4320,1935
4321,1936
4322,1937
4323,1938
4324,1939
4326,1940
4327,1941
4329,1942
4330,1943
4333,1944
4334,1945
4335,1946
4336,1947
4340,1948
4341,1949
4342,1950
4343,1951
4344,1952
4348,1953
4349,1954
4350,1955
4352,1956
4355,1957
4356,1958
4357,1959
4361,1960
4362,1961
4363,1962
4381,1962
4364,1963
4365,1964
4366,1965
4368,1966
4369,1967
4372,1968
4373,1969
4374,1970
4375,1971
4377,1972
4378,1973
4379,1974
4383,1975
4384,1976
4386,1977
4387,1978
4391,1979
4392,1980
4393,1981
4394,1982
4396,1984
4398,1985
4400,1987
4401,1988
4403,1989
4404,1990
4415,1991
4417,1993
4418,1994
4419,1995
4421,1996
4423,1997
4425,1998
4426,1999
4427,2000
4428,2001
4429,2002
4430,2003
4432,2004
4435,2005
4436,2006
4437,2007
4439,2008
4440,2009
4676,2009
4441,2010
4442,2011
4443,2012
4444,2013
4445,2014
4446,2015
4448,2016
4449,2017
4450,2018
4451,2019
4452,2020
4453,2021
4454,2022
4456,2023
4457,2024
4458,2025
4460,2026
4463,2027
4745,2027
4464,2028
4465,2029
4466,2030
4469,2031
4470,2032
4471,2033
4472,2034
4474,2035
4478,2036
4480,2037
4481,2038
4488,2039
4489,2040
4495,2041
4644,2041
4496,2042
4500,2043
4501,2044
4502,2045
4504,2046
4505,2047
4506,2048
4507,2049
4508,2050
4510,2051
4511,2052
4513,2053
4514,2054
4515,2055
4516,2056
4519,2057
4520,2058
4521,2059
4522,2060
4523,2061
4524,2062
4525,2063
4526,2064
4528,2065
4529,2066
4530,2067
4532,2068
4535,2069
4539,2070
4540,2071
4541,2072
4543,2073
4545,2074
4547,2075
4548,2076
4550,2077
4553,2078
4554,2079
4555,2080
4559,2081
4560,2082
4561,2083
4562,2084
4563,2085
4567,2086
4568,2087
4571,2088
4572,2089
4573,2090
4577,2091
4580,2093
4581,2094
4582,2095
4583,2096
4927,2096
4584,2097
4586,2098
4587,2099
4588,2100
4589,2101
4591,2102
4592,2103
4593,2104
4594,2105
4595,2106
4681,2106
4596,2107
4598,2108
4599,2109
4601,2110
4602,2111
4603,2112
4604,2113
4606,2114
4608,2115
4609,2116
4610,2117
4611,2118
4612,2119
4613,2120
4614,2121
4616,2122
4617,2123
4618,2124
4619,2125
4620,2126
4624,2126
4621,2127
4622,2128
4623,2129
4625,2130
4626,2131
4627,2132
4628,2133
4629,2134
4630,2135
4631,2136
4633,2137
4634,2138
4636,2139
4637,2140
4915,2140
4638,2141
4640,2142
4641,2143
4642,2144
4645,2145
4647,2146
4651,2147
4754,2147
4652,2148
4653,2149
4654,2150
4656,2151
4659,2152
4660,2153
4661,2154
4665,2155
4666,2156
4667,2157
4669,2158
4670,2159
4671,2160
4673,2161
4674,2162
4677,2163
4680,2164
5008,2164
4685,2165
4687,2166
4690,2167
4693,2168
4694,2169
4697,2170
4698,2171
4699,2172
4700,2173
4701,2174
4702,2175
4703,2176
4704,2177
4705,2178
4706,2179
4707,2180
4708,2181
4709,2182
4712,2183
4713,2184
4714,2185
4715,2186
4716,2187
4765,2187
4717,2188
4718,2189
4719,2190
4721,2191
4722,2192
4723,2193
4725,2194
4838,2194
4726,2195
4728,2196
4729,2197
4730,2198
4732,2199
4733,2200
4734,2201
4735,2202
4739,2202
4736,2203
4737,2204
4738,2205
4864,2205
4741,2206
4743,2207
4744,2208
4746,2209
4980,2209
4747,2210
4749,2211
4750,2212
4752,2213
4755,2214
4756,2215
4757,2216
4758,2217
4759,2218
4761,2219
4764,2220
4767,2221
4768,2222
4769,2223
4771,2224
4772,2225
4773,2226
4775,2227
4776,2228
4884,2228
4777,2229
4778,2230
4783,2231
4784,2232
4785,2233
4786,2234
4787,2235
4788,2236
4790,2237
4791,2238
4798,2239
4800,2240
4801,2241
4802,2242
4803,2243
4806,2244
4808,2245
4809,2246
4810,2247
4811,2248
4812,2249
4813,2250
4815,2251
4816,2252
4817,2253
4818,2254
4819,2255
4821,2256
4824,2257
4826,2258
4827,2259
4829,2260
4832,2261
4835,2262
4836,2263
4953,2263
4837,2264
4839,2265
4841,2266
4842,2267
4844,2268
4845,2269
4846,2270
4847,2271
4848,2272
4850,2274
4851,2275
4852,2276
4855,2277
4857,2278
4859,2279
4860,2280
4862,2281
4863,2282
4865,2283
4866,2284
4868,2285
4871,2286
4873,2287
4874,2288
4875,2289
4876,2290
4877,2291
4878,2292
4879,2293
4880,2294
4881,2295
4882,2296
4885,2297
4887,2298
4888,2299
4890,2300
4891,2301
4892,2302
4893,2303
4899,2305
4900,2306
4901,2307
4904,2308
4905,2309
4907,2310
4911,2311
4912,2312
4913,2313
4914,2314
4916,2315
4917,2316
4918,2317
4919,2318
4920,2319
4921,2320
4922,2321
4923,2322
4925,2323
4926,2324
4929,2325
4930,2326
4933,2327
4934,2328
4935,2329
4936,2330
4938,2331
4939,2332
4940,2333
4941,2334
4944,2335
4946,2336
4947,2337
4948,2338
4949,2339
4950,2340
4951,2340
4954,2341
4955,2342
4957,2343
4959,2344
4960,2345
4962,2346
4963,2347
4964,2348
4965,2349
4966,2350
4967,2351
4968,2352
4969,2353
4970,2354
4971,2355
4973,2356
4975,2357
4976,2358
4977,2359
4979,2360
4981,2361
4982,2362
4983,2363
4986,2364
4987,2365
4988,2366
4989,2367
4990,2368
4991,2369
4992,2370
4993,2371
4994,2372
4995,2373
4996,2374
4997,2375
4999,2376
5000,2377
5001,2378
5018,2378
5003,2379
5004,2380
5005,2381
5006,2382
5011,2382
5007,2383
5010,2384
5014,2385
5017,2386
5020,2387
5021,2388
5023,2389
5024,2390
5025,2391
5028,2392
5029,2393
5030,2394
5031,2395
5032,2396
5033,2397
5034,2398
5035,2399
5037,2400
5039,2401
5041,2402
5042,2403
